Num,2010,2011,2012,2013,2014,2015,2016,2017,2018,2019
1,2010年,2011年,2012年,2013年,2014年,2015年,2016年,2017年,2018年,2019年
2,2010年,2011年,2012年,2013年,2014年,2015年,2016年,2017年,2018年,2019年
3,2010年,2011年,2012年,2013年,2014年,2015年,2016年,2017年,2018年,2019年
4,2010年,2011年,2012年,2013年,2014年,2015年,2016年,2017年,2018年,2019年
5,2010年,2011年,2012年,2013年,2014年,2015年,2016年,2017年,2018年,2019年
6,2010年,2011年,2012年,2013年,2014年,2015年,2016年,2017年,2018年,2019年
7,2010年,2011年,2012年,2013年,2014年,2015年,2016年,2017年,2018年,2019年
8,2010年,2011年,2012年,2013年,2014年,2015年,2016年,2017年,2018年,2019年
9,2010年,2011年,2012年,2013年,2014年,2015年,2016年,2017年,2018年,2019年
10,2010年,2011年,2012年,2013年,2014年,2015年,2016年,2017年,2018年,2019年
11,2010年,2011年,2012年,2013年,2014年,2015年,2016年,2017年,2018年,2019年
12,2010年,2011年,2012年,2013年,2014年,2015年,2016年,2017年,2018年,2019年
13,2010年,2011年,2012年,2013年,2014年,2015年,2016年,2017年,2018年,2019年
14,2010年,2011年,2012年,2013年,2014年,2015年,2016年,2017年,2018年,2019年
15,2010年,2011年,2012年,2013年,2014年,2015年,2016年,2017年,2018年,2019年
16,2010年,2011年,2012年,2013年,2014年,2015年,2016年,2017年,2018年,2019年
17,2010年,2011年,2012年,2013年,2014年,2015年,2016年,2017年,2018年,2019年
18,2010年,2011年,2012年,2013年,2014年,2015年,2016年,2017年,2018年,2019年
19,2010年,2011年,2012年,2013年,2014年,2015年,2016年,2017年,2018年,2019年
20,2010年,2011年,2012年,2013年,2014年,2015年,2016年,2017年,2018年,2019年
21,2010年,2011年,2012年,2013年,2014年,2015年,2016年,2017年,2018年,2019年
22,2010年,2011年,2012年,2013年,2014年,2015年,2016年,2017年,2018年,2019年
23,2010年,2011年,2012年,2013年,2014年,2015年,2016年,2017年,2018年,2019年
24,2010年,2011年,2012年,2013年,2014年,2015年,2016年,2017年,2018年,2019年
25,2010年,2011年,2012年,2013年,2014年,2015年,2016年,2017年,2018年,2019年
